Babyzimmer > Accessoires > Aufbewahrungsboxen,636
Babyzimmer > Babymöbel > Hochstühle,640
Babyzimmer > Babymöbel > Komplett Zimmer,616
Babyzimmer > Betten für Babys > Babybetten,619
Babyzimmer > Betten für Babys > Juniorbetten,623
Babyzimmer > Betten für Babys > Laufgitter,617
Babyzimmer > Betten für Babys > Wiegen & Beistellbetten,619
Babyzimmer > Heimtextilien > Baby Bettwäsche,645
Babyzimmer > Heimtextilien > Kissen für Hochstühle,643
Babyzimmer > Heimtextilien > Nestchen,643
Babyzimmer > Heimtextilien > Wickelauflagen,643
Büromöbel > Bürostühle > Mayer > Zubehör,328
Büromöbel > Bürostühle > Schreibtischstühle,324
Flur & Diele > Garderobenhaken & -leisten,472
Flur & Diele > Kleiderbügel,477
Flur & Diele > Schuhschränke,490
Flur & Diele > Spiegel,495
Kinderzimmer > Aufbewahrung > Kleiderschränke,131
Kinderzimmer > Aufbewahrung > Kommoden,131
Kinderzimmer > Aufbewahrung > Spielzeugkisten,636
Kinderzimmer > Aufbewahrung > Spielzeugregale,130
Kinderzimmer > Kinderbetten > Etagenbetten,621
Kinderzimmer > Kinderbetten > Hochbetten,622
Kinderzimmer > Kinderbetten > Jugendbetten,624
Kinderzimmer > Kinderbetten > Spielbetten,623
Kinderzimmer > Kinderbetten > Textilien-Bettzubehör > Betthimmel,620
Kinderzimmer > Kinderbetten > Textilien-Bettzubehör > Bettwäsche,645
Kinderzimmer > Kinderbetten > Textilien-Bettzubehör > Kissen,646
Kinderzimmer > Tische & Sitzmöbel > Schreibtische & Stühle > Schreibtisch- Container,626
Kinderzimmer > Tische & Sitzmöbel > Schreibtische & Stühle > Schreibtische,648
Kinderzimmer > Tische & Sitzmöbel > Schreibtische & Stühle > Schreibtischstühle,642
Kinderzimmer > Tische & Sitzmöbel > Sitzmöbel > Sitzgruppen,641
Kinderzimmer > Tische & Sitzmöbel > Sitzmöbel > Stühle,641
Kinderzimmer > Tische & Sitzmöbel > Tische,649
Schlafzimmer,858
Schlafzimmer > Betten > Doppelbetten,688
Schlafzimmer > Betten > Futonbetten,690
Schlafzimmer > Matratzen & Lattenroste > Lattenroste,160
Schlafzimmer > Matratzen & Lattenroste > Matratzen,161
Schlafzimmer > Nachttische & Bettkonsolen,714
Wohnzimmer > Aufbewahrung,789
Wohnzimmer > Aufbewahrung > Kommoden & Sideboards,784
Wohnzimmer > Aufbewahrung > Wandregale,317
Wohnzimmer > Sitzmöbel > Hocker,802
Wohnzimmer > Sitzmöbel > Kissen,577
Wohnzimmer > Tische > Couchtische,827