Accessoire,190
Armatur,187
Bademantel,228
Badewanne,202
Badmöbelset,214
Badteppich,206
Beistellschrank,208
Bidet,234
Brause,185
Doppelwaschplatz,23
Duschpaneel,218
Duschset,218
Duschwand,218
Duschwanne,222
Eckregal,215
Gäste-WC,214
Handtuch,223
Hängeschrank,210
No,190
Personenwaage,198
Regal,215
Seitenpaneele,215
Spiegelelement,231
Spiegelschrank,211
Toilette,234
Unterschrank,213
Urinal,234
Waschbecken,23
Waschbeckenunterbau,209
Waschbeckenunterschrank,209
Waschplatz,214
Whirlpool,204
Zubehör,190