Arbeitsstühle & Hocker,324
Barhocker / Tresenhocker,380
Barstühle,380
Besucherstühle,323
Bodenmatten & Fußablagen,328
Büromöbel,320
Chefsessel,325
Computertische,331
Diningstühle,460
Doran,332
Gaming Stühle,326
Geramöbel Rollcontainer,322
Geramöbel Schränke & Regale,46
Geramöbel Schreibtische,333
Glastische,333
High End Bürostühle,326
Home Office Bürostühle,324
Home Office Chefsessel,325
Karat,332
Kinder Drehstühle,642
Kinderschreibtische,648
Konferenztische,332
Kontor,332
Living Bürostühle,324
Loungesessel,860
Loungesofas,809
Luxus Chefsessel,325
Profi Bürostühle,324
Profi Chefsessel,325
Rollcontainer,322
Säulenhubtische,333
Schreibtisch - Zubehör,334
Schreibtischkombinationen,333
Serie ATORRI,333
Serie BELA,333
Serie BETA,315
Serie HILO,333
Serie JAVA,333
Serie MEGA,333
Serie NANO,333
Serie SIGNA,317
Serie SIGNA G,315
Serie SIGNA K,315
Serie SLIDE,320
Serie WITA,333
Serie XDSM,333
Serie XTRA XD,333
Serie XTRA XE,333
Serie XTRA XK,333
Serie XTRA XM,333
Serie XTRA XS,333
Stuhlrollen,328
Swopper - Shop,324
System Rollcontainer,322
System Schrankwände,318
Vektor,332
XXL Drehstühle,324
Zubehör & Fußablagen,334