Arbeitsstühle & Hocker,2775
Barhocker / Tresenhocker,2804
Barstühle,2804
Besucherstühle,2774
Bodenmatten & Fußablagen,2779
Büromöbel,2771
Chefsessel,2776
Computertische,2782
Diningstühle,2851
Doran,2783
Gaming Stühle,2777
Geramöbel Rollcontainer,2773
Geramöbel Schränke & Regale,2633
Geramöbel Schreibtische,2784
Glastische,2784
High End Bürostühle,2777
Home Office Bürostühle,2775
Home Office Chefsessel,2776
Karat,2783
Kinder Drehstühle,2908
Kinderschreibtische,2914
Konferenztische,2783
Kontor,2783
Living Bürostühle,2775
Loungesessel,3026
Loungesofas,3043
Luxus Chefsessel,2776
Profi Bürostühle,2775
Profi Chefsessel,2776
Rollcontainer,2773
Säulenhubtische,2784
Schreibtisch - Zubehör,2785
Schreibtischkombinationen,2784
Serie ATORRI,2784
Serie BELA,2784
Serie BETA,2766
Serie HILO,2784
Serie JAVA,2784
Serie MEGA,2784
Serie NANO,2784
Serie SIGNA,2768
Serie SIGNA G,2766
Serie SIGNA K,2766
Serie SLIDE,2771
Serie WITA,2784
Serie XDSM,2784
Serie XTRA XD,2784
Serie XTRA XE,2784
Serie XTRA XK,2784
Serie XTRA XM,2784
Serie XTRA XS,2784
Stuhlrollen,2779
Swopper - Shop,2775
System Rollcontainer,2773
System Schrankwände,2769
Vektor,2783
XXL Drehstühle,2775
Zubehör & Fußablagen,2785