Anstellregal,316
Eckregal,316
Rolladenschrank,318
Glastürenschrank,318
Flügeltürenschrank,318
GlasTürenschr,318
Geramöbel Regal,316
Schreibtisch,333
Eckschreibtisch,333
Anstelltisch,333
Computertisch,331
Bürostuhl.*(ERGO),326
Chefsessel,325
Bürostuhl.*(OFFICE|STARTEC|VISTO|POINT|WEB|CITY|FLYER|SHAPE|ERNESTO|FERNANDO|CHARLES|AVIDA|GIROFLEX|NET|HEAVY),324
Bürostuhl.*(ZERO|SOLUTION|SYDNEY|HOLA|SY|URBAN|PANDER|TEC|LAGUNA|TRAFFIC|SUMMIT|ZENIT|NETTEC|ESTRA|GENUA|RACER),324
Orthopädischer Bürostuhl,326
Gernot Steifensand Zero-Limits,326
Wellnessstuhl.*SITNESS,326
Gaming Stuhl,326
Steckdosenleiste,334
Seitenblenden,334
Schublad\.Regal SIGNA,316
Garderobeschr,474