Sideboard,788
Hutablage,477
Horizon Kommode,786
Madame Kommode,718
Emira Regal,317
Fernsehschrank,843
Genziana Holzkommode,718
Wandleuchte Outdoor,657
Delta vollgepolsterter,324
Nachttisch,163
Bistrot Stehtisch,385
Nachtkästchen,163
Chefsessel,326
Nevada 2-P Schlafsofa,775
Stapelliege,692
Himmelbett,693
Bürodrehstuhl,325
Ohrensessel Flexi Lounge,795
Delta vollgepolsterter Drehsessel,795
Relax Drehstuhl,800
Coco Drehsessel,795
Hello Sessel mit Stoffen von Kvadrat,795
Etnia Sessel,795
Nox Vesta Wall,473
Aiuto Kleiderständer,477
Schrimständer,89
Pavillon,107
Extempore Tisch,534
Jupiter Tisch,534
Atlas Kaffeetisch,534
Loft Einzelelement,536
Loft Eckelement Outdoor,536
George Tisch ausziehbar,534
Gartentisch,534
Gartensofa,536
Gartenstuhl,533
Edvin Stuhl,533
Gartensessel,533
Agatha Tisch,534
Fluid Sessel Outdoor,536
Easy Liege Outdoor,531
Rosita Sessel,533
Fly Sessel,536
Sitzsack Outdoor,537
Barhocker,381
Gliss 951 Drehstuhl,795
Hocker,805
Stoffbezügen von Kvadrat,805
Well Hocker,807
Welcome Hocker,807
Stil Hocker,381
Küchenhöhe,381
Leo Kube,808
Twist Hocker,807
Giotto Hocker,807
Allunaggio Hocker,807
Mezzadro Hocker,807
Polsterhocker,805
Space Hocker,808
Luco Hocker,807
Hocker ungepolstert,807
Loris Hocker,807
Pouf Hocker,808
SUN Hocker,808
Sanpark Pouf,806
Garderobenständer,477
Schirmständer,89
Taiga Kleiderständer,477
Mirac Kleiderständer,477
Nox Vesta Wall,473
Pop Kleiderständer,477
Aster Kleiderständer.*strahlig,477
Cactus,477
Daiki Stehspiegel,495
Gustav Stiller Butler,477
Servonotte Stummer Diener,477
Sciangai Kleiderständer,477
Stehleuchte,673
Colette Tischleuchte,680
Agripina Tischleuchte,681
Ohrensessel,797
TV Ständer,841
Bücherregal,777
Bücherturm,777
Bücherstapelregal,777
Emira Regal,778
Mito Wandablage,334
Konnex Wandregal,318
Donatello Sessel,798
Armlehnstuhl Ray stapelbar,328
Smack Sessel Holzgestell,464
Shelly Sessel mit Stoffbezug von Kvadrat,795
Korbsessel,328
Zacarias Stuhl,328
Armlehnstuhl,467
Relax Sessel,800
3-Sitzer,812
4-Sitzer,813
Schlafsofa,817
2-Sitzer,812
Chaiselongue,799
Eckelement.*Stoffbezügen,819
Einzelelement.*Stoffbezügen,819
Beistelltisch,829
Mirror Tisch,829
Tresentisch,386
Polsterstuhl,464
Crona Polstersessel,464
Fina wood.*Armlehnen,467
Snow Stuhl junior,642
Wengler Stuhl,798
Stuhl mit Armlehnen,467
Davinci Stuhl,798
Rossini Stuhl,798
Romantica Stuhl,798
Piano Stuhl,798
Besucherstuhl,324
A-Chair,1111
TV-Tisch,843
Esstisch,468
Konsole,833
Leselampe,681