Bänke,175
Barhocker,380
Bartheke,533
Beistelltische,826
Blumentöpfe,547
Bürodrehstühle,324
Chaiselongue,736
Deckenleuchten,661
Doppelbetten,688
Drehstühle,324
Esstische,467
Freischwinger,461
Garten-Beistelltische,533
Gartenbänke,529
Gartenbeleuchtungen,652
Gartenhocker,532
Gartenleuchten,652
Gartensessel,535
Gartensofa,535
Gartenstühle,532
Gartentische,533
Gästebetten,691
Hängeleuchten,663
Kinderstühle,641
Kissen,577
Klappbetten,702
Klappstühle,464
Kleiderständer,476
Kommoden,784
Konferenzstühle,327
Konsolentische,830
Liegen,796
Lounge Sessel,860
Outdoor Teppiche,608
Papierkörbe,42
Pflanzentröge,547
Raumteiler,779
Regale,776
Schaukelstühle,819
Schränke,448
Schreibtische,333
Schreibtischleuchten,660
Servierwagen,76
Sideboards,786
Sitzsäcke,801
Sofatische,827
Sonnenliegen,530
Sonnenschirme,554
Spiegel,495
Stapelstühle,327
Stehleuchten,672
Stehtische,384
Theken,385
Tische,834
Tischleuchten,680
TV-Tische,840
Wandleuchten,153
Wandregale,777
Wanduhren,370