Sideboard,786
Hutablage,476
Horizon Kommode,784
Madame Kommode,716
Emira Regal,316
Fernsehschrank,840
Genziana Holzkommode,716
Wandleuchte Outdoor,656
Delta vollgepolsterter,323
Nachttisch,162
Bistrot Stehtisch,384
Nachtk채stchen,162
Chefsessel,325
Nevada 2-P Schlafsofa,773
Stapelliege,691
Himmelbett,692
B체rodrehstuhl,324
Ohrensessel Flexi Lounge,860
Delta vollgepolsterter Drehsessel,860
Relax Drehstuhl,797
Coco Drehsessel,860
Hello Sessel mit Stoffen von Kvadrat,860
Etnia Sessel,860
Nox Vesta Wall,472
Aiuto Kleiderst채nder,476
Schrimst채nder,89
Pavillon,107
Extempore Tisch,533
Jupiter Tisch,533
Atlas Kaffeetisch,533
Loft Einzelelement,535
Loft Eckelement Outdoor,535
George Tisch ausziehbar,533
Gartentisch,533
Gartensofa,535
Gartenstuhl,532
Edvin Stuhl,532
Gartensessel,535
Agatha Tisch,533
Fluid Sessel Outdoor,535
Easy Liege Outdoor,530
Rosita Sessel,535
Fly Sessel,535
Sitzsack Outdoor,536
Bar Barhocker,380