Baby > Babymöbel > Babybetten,2885
Baby > Babymöbel > Laufgitter,2883
Baby > Babymöbel > Wickelkommoden,2884
Baby > Spielen > Plüschtiere,2903
Baby > Spielen > Schaukeltiere,2900
Baby > Spielen > Spielbögen,2901
Baby > Spielen > Spielzelte,2901
Backen & Zubehör > Backformen,2817
Badtextilien und Zubehör > Badematten & Badvorleger,2733
Badtextilien und Zubehör > Badetücher,2745
Badtextilien und Zubehör > Gästetücher,2746
Badtextilien und Zubehör > Handtücher,2747
Bänke > Eckbänke,2844
Bänke > Einzelbänke,3305
Besteck > Besteck einzeln,2810
Besteck > Besteck-Sets,2810
Betten > Boxspringbetten,2921
Betten > Doppelbetten,2922
Betten > Gästebetten,2925
Betten > Kinderbetten,3468
Bettwaren > Bettdecken > Bettdecken in Übergrößen,2917
Bettwaren > Bettdecken > Ganzjahres-Bettdecken,2917
Bettwaren > Bettdecken > Sommer-Bettdecken,2917
Bettwaren > Bettdecken > Winter-Bettdecken,2917
Bettwaren > Bettlaken,2938
Bettwaren > Bettwäsche-Sets > Bettwäsche-Sets in Übergrößen,2939
Bettwaren > Bettwäsche-Sets > Kinder-Bettwäsche-Sets,2940
Bettwaren > Bettwäsche-Sets > Sommer-Bettwäsche-Sets,2939
Bettwaren > Bettwäsche-Sets > weitere Bettwäschesets,2939
Bettwaren > Kinderbettwäsche,2940
Bettwaren > Kopfkissen,2951
Bettwaren > Nackenrollen & Nackenstützkissen,2953
Bettwaren > Unterbetten,2919
Garderoben & Kleiderstangen > Garderoben,2865
Garderoben & Kleiderstangen > Schuhgarderoben & Schränke,2878
Garderoben & Kleiderstangen > Wandgarderoben,2864
Gardinen & Vorhänge > Rollos & Sonnenschutz > Jalousien,3410
Gardinen & Vorhänge > Rollos & Sonnenschutz > Plissees,3411
Kommoden & Sideboards > Highboards,3017
Kommoden & Sideboards > Kommoden,3018
Kommoden & Sideboards > Lowboards,3019
Kommoden & Sideboards > Sideboards,3020
Kommoden & Sideboards > Vitrinen,3082
Komplett-Kinder & Jugendzimmer,2891
Matratzen & Zubehör > Federkernmatratzen,2959
Matratzen & Zubehör > Kaltschaummatratzen,2961
Matratzen & Zubehör > Latexmatratzen,2962
Matratzen & Zubehör > Viscomatratzen,2968
Polstermöbel > Hocker & Bänke,3038
Polstermöbel > Relaxliegen,3030
Polstermöbel > Sessel > Clubsessel,3025
Polstermöbel > Sessel > Cocktailsessel,3025
Polstermöbel > Sessel > Fernsehsessel,3026
Polstermöbel > Sessel > Lounge Sessel,3026
Polstermöbel > Sessel > Ohrensessel,3028
Polstermöbel > Sessel > Schlafsessel,3033
Polstermöbel > Sitzsäcke,3035
Polstermöbel > Sofas > 2-Sitzer,3043
Polstermöbel > Sofas > 3-Sitzer,3043
Polstermöbel > Sofas > Big-Sofas,3044
Polstermöbel > Sofas > Ecksofas,3046
Polstermöbel > Sofas > Einzelsofas,3043
Polstermöbel > Sofas > Sitzgruppen,3050
Regale & Raumteiler > Badregale,2737
Regale & Raumteiler > Bücherregale,2763
Regale & Raumteiler > Büroregale,2764
Schränke > Aktenschränke,2769
Schränke > Badschränke > Bad-Hochschränke,2735
Schränke > Badschränke > Bad-Unterschränke,3174
Schränke > Badschränke > Bad-Wandschränke,3171
Schränke > Badschränke > Komplett-Badkombinationen,2736
Schränke > Badschränke > Spiegelschränke,3172
Schränke > Badschränke > Waschbeckenunterschränke,3170
Schränke > Buffets,2840
Schränke > Dielenschränke,2865
Schränke > Hängeschränke,3016
Schränke > Rollcontainer,2773
Schränke > Wandschränke,3021
Stühle > Barhocker,2804
Stühle > Bürostühle > Chefsessel,2776
Stühle > Bürostühle > Drehstühle,2775
Stühle > Bürostühle > Konferenzsessel,2778
Stühle > Esszimmerstühle,2851
Tische > Bartische,2808
Tische > Beistelltische,3060
Tische > Computertische,2782
Tische > Couchtische,3061
Tische > Esstische,2858
Tische > Kinderschreibtische,2914
Tische > Konsolentische,3064
Tische > Schreibtische,2784
TV- & Media Möbel > TV-Racks,3075
Wohnwände,3023