Badtextilien und Zubehör > Badematten & Badvorleger,206
Schränke > Badschränke > Bad-Hochschränke,208
Schränke > Badschränke > Komplett-Badkombinationen,214
Regale & Raumteiler > Badregale,215
Schränke > Badschränke > Bad-Wandschränke,210
Schränke > Badschränke > Spiegelschränke,211
Schränke > Badschränke > Bad-Unterschränke,213
Schränke > Badschränke > Waschbeckenunterschränke,209
Badtextilien und Zubehör > Badetücher,223
Badtextilien und Zubehör > Gästetücher,224
Badtextilien und Zubehör > Handtücher,225
Schränke > Badschränke > Waschplätze,23
Regale & Raumteiler > Bücherregale,312
Regale & Raumteiler > Büroregale,313
Schränke > Aktenschränke,318
Schränke > Rollcontainer,322
Stühle > Bürostühle > Drehstühle,324
Stühle > Bürostühle > Chefsessel,325
Stühle > Bürostühle > Konferenzsessel,327
Tische > Computertische,331
Tische > Schreibtische,333
Garderoben & Kleiderstangen > Wandgarderoben,473
Garderoben & Kleiderstangen > Garderoben,474
Schränke > Dielenschränke,474
Garderoben & Kleiderstangen > Schuhgarderoben & Schränke,492
Gardinen & Vorhänge > Rollos & Sonnenschutz > Jalousien,595
Gardinen & Vorhänge > Rollos & Sonnenschutz > Plissees,596
Baby > Babymöbel > Babybetten,619
Baby > Babymöbel > Laufgitter,617
Baby > Babymöbel > Wickelkommoden,618
Betten > Kinderbetten,623
Komplett-Kinder & Jugendzimmer,625
Baby > Spielen > Schaukeltiere,634
Baby > Spielen > Spielbögen,635
Baby > Spielen > Spielzelte,635
Baby > Spielen > Plüschtiere,637
Tische > Kinderschreibtische,648
Stühle > Barhocker,380
Tische > Bartische,384
Besteck > Besteck einzeln,386
Besteck > Besteck-Sets,386
Backen & Zubehör > Backformen,409
Schränke > Buffets,448
Bänke > Eckbänke,453
Bänke > Einzelbänke,452
Stühle > Esszimmerstühle,460
Tische > Esstische,467
Bettwaren > Bettdecken > Bettdecken in Übergrößen,683
Bettwaren > Bettdecken > Ganzjahres-Bettdecken,683
Bettwaren > Bettdecken > Sommer-Bettdecken,683
Bettwaren > Bettdecken > Winter-Bettdecken,683
Bettwaren > Unterbetten,685
Betten > Boxspringbetten,687
Betten > Doppelbetten,688
Betten > Gästebetten,691
Bettwaren > Bettlaken,704
Bettwaren > Bettwäsche-Sets > Bettwäsche-Sets in Übergrößen,705
Bettwaren > Bettwäsche-Sets > Sommer-Bettwäsche-Sets,705
Bettwaren > Bettwäsche-Sets > weitere Bettwäschesets,705
Bettwaren > Bettwäsche-Sets > Kinder-Bettwäsche-Sets,706
Bettwaren > Kinderbettwäsche,706
Komplett-Schlafzimmer,858
Bettwaren > Kopfkissen,717
Bettwaren > Nackenrollen & Nackenstützkissen,719
Matratzen & Zubehör > Federkernmatratzen,725
Matratzen & Zubehör > Kaltschaummatratzen,727
Matratzen & Zubehör > Latexmatratzen,728
Matratzen & Zubehör > Viscomatratzen,734
Polstermöbel > Hocker & Bänke,804
Schränke > Hängeschränke,782
Kommoden & Sideboards > Highboards,783
Kommoden & Sideboards > Kommoden,784
Kommoden & Sideboards > Lowboards,785
Kommoden & Sideboards > Sideboards,786
Schränke > Wandschränke,787
Wohnwände,789
Polstermöbel > Sessel > Clubsessel,791
Polstermöbel > Sessel > Cocktailsessel,791
Polstermöbel > Sessel > Fernsehsessel,792
Polstermöbel > Sessel > Lounge Sessel,860
Polstermöbel > Sessel > Ohrensessel,794
Polstermöbel > Relaxliegen,796
Polstermöbel > Sessel > Schlafsessel,799
Polstermöbel > Sitzsäcke,801
Polstermöbel > Sofas > 2-Sitzer,809
Polstermöbel > Sofas > 3-Sitzer,809
Polstermöbel > Sofas > Einzelsofas,809
Polstermöbel > Sofas > Big-Sofas,810
Polstermöbel > Sofas > Ecksofas,812
Polstermöbel > Sofas > Sitzgruppen,816
Tische > Beistelltische,826
Tische > Couchtische,827
Tische > Konsolentische,830
TV- & Media Möbel > TV-Racks,841
Kommoden & Sideboards > Vitrinen,848