Accessoires > Badaccessoires > Kosmetikspiegel,195
Accessoires > Ordnung & Aufbewahrung > Haken & Bügel,191
Accessoires > Ordnung & Aufbewahrung > Schlüsselkästen & -bretter,90
Accessoires > Spiegel > Kosmetikspiegel,195
Accessoires > Spiegel > Wandspiegel,363
Accessoires > Teppiche > Felle & Fellteppiche,824
Accessoires > Teppiche > Hochflorteppiche & Shaggys,821
Accessoires > Teppiche > Kelimteppiche,823
Accessoires > Teppiche > Kinderteppiche,647
Accessoires > Teppiche > Kurzflorteppiche,751
Accessoires > Teppiche > Läufer & Bettumrandungen,750
Accessoires > Teppiche > Orientteppiche,823
Accessoires > Teppiche > Vintage & Patchwork-Teppiche,824
Accessoires > Textilien > Bettdecken & Kopfkissen,118
Accessoires > Textilien > Bettwäsche & Bettlaken,156
Accessoires > Textilien > Gardinen & Vorhänge,120
Accessoires > Textilien > Kindertextilien,138
Accessoires > Textilien > Kissen,717
Accessoires > Textilien > Küchentextilien,74
Accessoires > Textilien > Rollos & Jalousien,123
Accessoires > Textilien > Tagesdecken & Plaids,581
Accessoires > Textilien > Tischdecken & Servietten,125
Garten > Außenleuchten > Außenstrahler,650
Garten > Außenleuchten > Einbauleuchten außen,651
Garten > Außenleuchten > Laternen,652
Garten > Außenleuchten > Sockelleuchten,654
Garten > Außenleuchten > Solarleuchten,655
Garten > Außenleuchten > Teich- & Wasserbeleuchtung,657
Garten > Außenleuchten > Wandleuchten außen,656
Garten > Außenleuchten > Wege- & Pollerleuchten,658
Garten > Balkonmöbel > Balkonstühle,510
Garten > Balkonmöbel > Balkontische,511
Garten > Gartendekoration > Fackeln & Laternen,498
Garten > Gartendekoration > Feuerschalen & -körbe,543
Garten > Gartendekoration > Figuren & Statuen,516
Garten > Gartenmöbel > Auflagen & Auflagenboxen,538
Garten > Gartenmöbel > Gartenbänke,529
Garten > Gartenmöbel > Gartenliegen,530
Garten > Gartenmöbel > Gartenmöbel Sets,531
Garten > Gartenmöbel > Gartenstühle,532
Garten > Gartenmöbel > Gartentische,533
Garten > Gartenmöbel > Hängematten & -sessel,106
Garten > Gartenmöbel > Hollywoodschaukeln,534
Garten > Gartenmöbel > Loungemöbel,535
Garten > Gartenmöbel > Pavillons,107
Garten > Gartenmöbel > Strandkörbe DEAK,556
Garten > Grills & Zubehör > Feuerstellen & Feuerkörbe,543
Garten > Grills & Zubehör > Gasgrills,545
Garten > Grills & Zubehör > Grillzubehör,546
Garten > Grills & Zubehör > Holzkohlegrills,545
Garten > Sonnen- & Sichtschutz > Markisen,551
Garten > Sonnen- & Sichtschutz > Schirmständer,553
Garten > Sonnen- & Sichtschutz > Sichtschutz & Paravents,552
Garten > Sonnen- & Sichtschutz > Sonnenschirme,552
Garten > Sonnen- & Sichtschutz > Sonnensegel,554
Lampen > Außenleuchten > Außenstrahler,650
Lampen > Außenleuchten > Einbauleuchten außen,651
Lampen > Außenleuchten > Sockelleuchten,654
Lampen > Außenleuchten > Solarleuchten,655
Lampen > Außenleuchten > Wandleuchten außen,655
Lampen > Außenleuchten > Wege- & Pollerleuchten,658
Lampen > Innenleuchten > Badezimmerleuchten,141
Lampen > Innenleuchten > Deckenleuchten,661
Lampen > Innenleuchten > Einbauleuchten,673
Lampen > Innenleuchten > Kinderzimmerleuchten,146
Lampen > Innenleuchten > Kronleuchter,662
Lampen > Innenleuchten > Pendelleuchten,663
Lampen > Innenleuchten > Schienen- & Seilsysteme,675
Lampen > Innenleuchten > Stehleuchten,672
Lampen > Innenleuchten > Strahler & Spots,677
Lampen > Innenleuchten > Tischleuchten,152
Lampen > Innenleuchten > Wandleuchten,153
Lampen > LED Beleuchtung > LED-Deckenleuchten,661
Lampen > LED Beleuchtung > LED-Pendelleuchten,663
Lampen > LED Beleuchtung > LED-Stehleuchten,672
Lampen > LED Beleuchtung > LED-Tischleuchten,152
Lampen > LED Beleuchtung > LED-Wandleuchten,153
Lampen > Leuchtmittel > Glühlampen,670
Lampen > Leuchtmittel > LED-Lampen,668
Möbel > Arbeitszimmer > Büromöbel Sets,41
Möbel > Arbeitszimmer > Büroregale,45
Möbel > Arbeitszimmer > Büroschränke,46
Möbel > Arbeitszimmer > Bürostühle,47
Möbel > Arbeitszimmer > Bürotische,49
Möbel > Arbeitszimmer > Container,320
Möbel > Arbeitszimmer > Kommoden & Sideboards,318
Möbel > Arbeitszimmer > Sekretäre,333
Möbel > Baby- & Kinderzimmer > Babymöbel,126
Möbel > Baby- & Kinderzimmer > Kinder- & Jugendmöbel,128
Möbel > Badezimmer > Badaccessoires,14
Möbel > Badezimmer > Badezimmer Sets,214
Möbel > Badezimmer > Badezimmerleuchten,17
Möbel > Badezimmer > Badregale,215
Möbel > Badezimmer > Badschränke,208
Möbel > Badezimmer > Badspiegel,231
Möbel > Badezimmer > Badvorleger & Duschvorhänge,206
Möbel > Badezimmer > Sanitär & Hygiene,190
Möbel > Badezimmer > Sauna & Wellness,21
Möbel > Badezimmer > Waschplätze,214
Möbel > Esszimmer > Essgruppen,400
Möbel > Esszimmer > Esstische,467
Möbel > Esszimmer > Esszimmerstühle,460
Möbel > Esszimmer > Regale,73
Möbel > Esszimmer > Schränke & Vitrinen,75
Möbel > Esszimmer > Servierwagen,76
Möbel > Esszimmer > Sitzbänke,77
Möbel > Flur & Diele > Garderoben Sets,475
Möbel > Flur & Diele > Garderobenpaneele,473
Möbel > Flur & Diele > Garderobenschränke,474
Möbel > Flur & Diele > Garderobenspiegel,493
Möbel > Flur & Diele > Kleiderständer,476
Möbel > Flur & Diele > Konsolentische,93
Möbel > Flur & Diele > Schirmständer,89
Möbel > Flur & Diele > Schlüsselkästen & -ablagen,90
Möbel > Küche & Bar > Barhocker & Barstühle,380
Möbel > Küche & Bar > Barschränke,382
Möbel > Küche & Bar > Barsets,384
Möbel > Küche & Bar > Bartische,384
Möbel > Küche & Bar > Buffets & Schränke,448
Möbel > Küche & Bar > Küchenregale,73
Möbel > Küche & Bar > Küchenstühle,460
Möbel > Schlafzimmer > Betten,155
Möbel > Schlafzimmer > Hocker & Bänke,174
Möbel > Schlafzimmer > Kleiderschränke,157
Möbel > Schlafzimmer > Kommoden & Sideboards,158
Möbel > Schlafzimmer > Lattenroste,160
Möbel > Schlafzimmer > Matratzen,161
Möbel > Schlafzimmer > Nachttische & -kommoden,162
Möbel > Schlafzimmer > Schlafzimmersets,858
Möbel > Schlafzimmer > Schminktische,715
Möbel > Schlafzimmer > Truhen,180
Möbel > Wohnzimmer > Couch- & Beistelltische,827
Möbel > Wohnzimmer > Kamine & Zubehör,169
Möbel > Wohnzimmer > Kommoden & Sideboards,172
Möbel > Wohnzimmer > Polsterhocker,174
Möbel > Wohnzimmer > Regale,171
Möbel > Wohnzimmer > Schränke & Vitrinen,182
Möbel > Wohnzimmer > Sessel,173
Möbel > Wohnzimmer > Sofas & Couches,176
Möbel > Wohnzimmer > TV- & Mediamöbel,181
Möbel > Wohnzimmer > Wohnwände,789
Möbel nach Typ > Hocker > Barhocker,380
Möbel nach Typ > Massivholz Möbel > Massivholz Stühle,462
Möbel nach Typ > Polstermöbel,170
Möbel nach Typ > Polstermöbel > Ecksofas,812
Möbel nach Typ > Polstermöbel > Einzelsofas,767
Möbel nach Typ > Schränke > Kleiderschränke,157
Möbel nach Typ > Stühle > Barstühle,380
Möbel nach Typ > Tische > Couchtische,827