Arbeitsplatz > Aktenschränke,318
Arbeitsplatz > Arbeitsleuchten,660
Arbeitsplatz > Aufbewahrung Papiere & Medien > Multimedia-Zubehör,39
Arbeitsplatz > Aufbewahrung Papiere & Medien > Pinnwände,330
Arbeitsplatz > Aufbewahrung Papiere & Medien > Schreibtischzubehör,39
Arbeitsplatz > Aufbewahrung Papiere & Medien > Zeitschriftensammler,39
Arbeitsplatz > Böden > Bodenzubehör,26
Arbeitsplatz > Böden > Laminatböden,246
Arbeitsplatz > Drehstühle > Besucherstühle,323
Arbeitsplatz > Drehstühle > Bürostühle,324
Arbeitsplatz > Kabel ordnen; Zubehör,334
Arbeitsplatz > Mülleimer & Taschen > Abfalleimer & Papierkörbe,42
Arbeitsplatz > Mülleimer & Taschen > Behälter zur Abfalltrennung,42
Arbeitsplatz > PC-Schreibtische > GALANT/BEKANT System Konferenztische,332
Arbeitsplatz > PC-Schreibtische > GALANT/BEKANT System Schreibtischbeine & -gestelle,334
Arbeitsplatz > PC-Schreibtische > GALANT/BEKANT System Schreibtische,333
Arbeitsplatz > PC-Schreibtische > GALANT/BEKANT System Tischplatten,334
Arbeitsplatz > PC-Schreibtische > GALANT/BEKANT System Zubehör,334
Arbeitsplatz > Schreibtische & Arbeitsplätze > Laptophalter,39
Arbeitsplatz > Schreibtische & Arbeitsplätze > PC-Schreibtische,333
Arbeitsplatz > Schubladenelemente,322
Arbeitsplatz > Tischplatten – Tischbeine > Tischplatten Kombinationen,333
Arbeitsplatz > Tischplatten – Tischbeine > Tischplatten Tischbeine & -böcke,334
Arbeitsplatz > Tischplatten – Tischbeine > Tischplatten Tischplatten,334
Badezimmer > Badarmaturen > Mischbatterien,187
Badezimmer > Badarmaturen > Siphons & Abflussventile,190
Badezimmer > Badematten,207
Badezimmer > Badezimmerleuchten,17
Badezimmer > Badezimmermöbel > Badezimmer-Spiegelschränke,211
Badezimmer > Badezimmermöbel > Badezimmerhocker und -bänke,216
Badezimmer > Badezimmermöbel > Hochschränke,208
Badezimmer > Badezimmermöbel > Oberschränke,210
Badezimmer > Badezimmermöbel > Regale fürs Bad,215
Badezimmer > Badezimmermöbel > Servierwagen,215
Badezimmer > Badspiegel > Badezimmerspiegel,231
Badezimmer > Badspiegel > Vergrößerungsspiegel,232
Badezimmer > Badzubehör > Dusch- & Badewannenzubehör,190
Badezimmer > Badzubehör > Handtuchhalter,191
Badezimmer > Badzubehör > Regale,215
Badezimmer > Badzubehör > Waagen,198
Badezimmer > Badzubehör > Waschbeckenzubehör,190
Badezimmer > Duschvorhänge,221
Badezimmer > Handtücher > Badehandtücher,223
Badezimmer > Handtücher > Gästehandtücher,224
Badezimmer > Handtücher > Handtücher,223
Badezimmer > Waschbecken,23
Badezimmer > Waschbecken- & Badezimmerschränke > Waschbeckenunterschränke,209
Badezimmer > Waschbecken- & Badezimmerschränke > Waschkommoden,209
Dekoration > Bilder & Bilderrahmen > Bilderleisten,52
Dekoration > Bilder & Bilderrahmen > Fotorahmen,343
Dekoration > Bilder & Bilderrahmen > gerahmt,341
Dekoration > Bilder & Bilderrahmen > Karten,342
Dekoration > Bilder & Bilderrahmen > Plakate,342
Dekoration > Bilder & Bilderrahmen > Rahmen,343
Dekoration > Bilder & Bilderrahmen > Wandtattoos,375
"Dekoration > Blumentöpfe, Pflanzen & Blumenständer > Blumentöpfe für drinnen",547
"Dekoration > Blumentöpfe, Pflanzen & Blumenständer > Kunstpflanzen",347
"Dekoration > Blumentöpfe, Pflanzen & Blumenständer > Selbstbewässerungstöpfe",547
Dekoration > Kerzen & -halter > Duftkerzen,355
"Dekoration > Kerzen & -halter > Kerzen, unparfümiert",355
Dekoration > Kerzen & -halter > Kerzenständer,357
Dekoration > Kerzen & -halter > Laternen,358
Dekoration > Kerzen & -halter > Zubehör für Kerzen,50
Dekoration > Papiermaterial > Dekoration/Papier,353
"Dekoration > Papiermaterial > Geschenkpapier, -tüten & Zubehör",50
Dekoration > Uhren > Standuhren,369
Dekoration > Uhren > Wand- & Tischuhren,370
Dekoration > Uhren > Wecker,371
Dekoration > Vasen & Schalen > Vasen,373
Essen & Trinken > Besteck > Besteck,386
Essen & Trinken > Besteck > Vorlegebesteck,386
"Essen & Trinken > Gläser, Karaffen & Kannen > Getränkezubehör",81
"Essen & Trinken > Gläser, Karaffen & Kannen > Glas",388
"Essen & Trinken > Gläser, Karaffen & Kannen > Glas, spezial",388
"Essen & Trinken > Gläser, Karaffen & Kannen > Kannen & Karaffen",389
"Essen & Trinken > Gläser, Karaffen & Kannen > Weingläser",388
Essen & Trinken > Kaffee- & Teegeschirr > Becher & Tassen,387
Essen & Trinken > Kaffee- & Teegeschirr > Kaffeezubereiter & -zubehör,70
Essen & Trinken > Kaffee- & Teegeschirr > Teekannen & -zubehör,70
"Essen & Trinken > Servierschüsseln, -platten & Tabletts > Schüsseln",387
"Essen & Trinken > Servierschüsseln, -platten & Tabletts > Servierplatten",387
Essen & Trinken > Teller & Schüsseln > Dessertteller,387
Essen & Trinken > Teller & Schüsseln > Schüsseln,387
Essen & Trinken > Teller & Schüsseln > Services,387
Essen & Trinken > Teller & Schüsseln > Teller,387
Essen & Trinken > Teller & Schüsseln > tiefe Teller,387
Esszimmer > Bartische & -stühle > Barhocker,380
Esszimmer > Bartische & -stühle > Theken,385
Esszimmer > Essgruppe > Essgruppen max. 6 Plätze,400
Esszimmer > Essgruppe > Essplatzgruppen max. 2 Plätze,400
Esszimmer > Essgruppe > Essplatzgruppen max. 4 Plätze,400
Esszimmer > Essplatzstühle > Essplatzstühle,460
Esszimmer > Essplatzstühle > Klappstühle,464
Esszimmer > Essplatzstühle > Polsterstühle,463
Esszimmer > Esstische > Ausziehtische,467
Esszimmer > Esstische > bis 10 Personen,467
Esszimmer > Esstische > bis 4 Personen,467
Esszimmer > Esstische > bis 6 Personen,467
Esszimmer > Esszimmermöbel > Ablagetische,468
Esszimmer > Esszimmermöbel > Anrichten,451
Esszimmer > Esszimmermöbel > Schränke,448
Esszimmer > Esszimmermöbel > Vitrinen,848
Esszimmer > Hocker & Bänke > Bänke,452
Esszimmer > Hocker & Bänke > Hocker,465