handtuchbugel,193
ragrund-stuhl-mit-handtuchhalter,193
handtuchstange,193
handtuchstander,193
handtuchaufhanger,193
wc-burste,199
toilettenpapierhalter,197
austauschburste,199
toilettensitz,236
seifenspender,196
grundtal-wandeckregal,215
badewannenmatte,203
duschgriff-mit-schlauch,220
klatta-aufkleber__0419325_PE576213_S5,376
klatta-aufkleber__0441679_PE593501_S5,376
klatta-aufkleber__0419365_PE576219_S5,376
gestalta-modellfigur,353
rord-dekoration-er-set-schwarz,354
finansiell-dekopferd,354
karaffe,390
milchaufschaumer,423
espressokocher,420
sahnekannchen,389
teekanne,424
teezubereiter,424
eckbank,453