Möbel & Wohnen>Aufbewahrung>Schuhschränke,786
Möbel & Wohnen>Aufbewahrung>Sonstiges,443
Möbel & Wohnen>Aufbewahrung>Truhen,181
Möbel & Wohnen>Aufbewahrung>Weinregale,443
Möbel & Wohnen>Küche & Haushalt>Küchenschränke,449
Möbel & Wohnen>Möbel & Einrichtungen>Anrichten,449
Möbel & Wohnen>Möbel & Einrichtungen>Barmöbel,381
Möbel & Wohnen>Möbel & Einrichtungen>Jugendzimmer,626
Möbel & Wohnen>Möbel & Einrichtungen>Schreibtische,334
Möbel & Wohnen>Möbel & Einrichtungen>weitere Möbel,453
Möbel & Wohnen>Regale>Bücherregale,777
Möbel & Wohnen>Regale>TV-Möbel,843
Möbel & Wohnen>Regale>Wandregale,490
Möbel & Wohnen>Regale>Weitere Regale,781
Möbel & Wohnen>Schlafzimmer>Kleiderschränke,712
Möbel & Wohnen>Schränke & Vitrinen>Highboards,785
Möbel & Wohnen>Schränke & Vitrinen>Nachttische,716
Möbel & Wohnen>Schränke & Vitrinen>Sekretäre,334
Möbel & Wohnen>Schränke & Vitrinen>Vitrinen,851
Möbel & Wohnen>Stühle & Hocker>Hocker,807
Möbel & Wohnen>Tische>Beistelltische,829
Möbel & Wohnen>Tische>Esstische,468
Möbel & Wohnen>Tische>Servierwagen,76
Möbel & Wohnen>Tische>Weitere Tische,833