OXFORD Sessel,462
WINCHESTER Sessel,794
ANCONA Sessel,462
SPIRIT Sessel,462
BANGALORE Sessel,462
Sessel.*METRO,462
Kommode,784
Eckkommode,784
Rollkommode,784
Unterkommode,784
Sideboard,786
Longboard,785
Wickelkommode,618
Massivholzbett,859
Balkenbett,859
Bett,859
Kinderbett,623
Babybett,619
Himmelbett,692
Wohnlandschaft,815
Ultrasofa|Megasofa,810
Ecksofa,812
TV-Board,751
Stuhl.*Altholz,462
Stuhl.*Akazie,462
Stuhl.*Palisander,462
Stuhl.*Vintage,462
Stuhl.*Wildeiche,462
Stuhl.*Kernbuche,462
Stuhl.*Teakholz,462
DELHI Designer Stuhl,462
FACTORY Stuhl,460
Freischwinger,461
Echtlederstuhl,460
Polsterstuhl,463
Stuhl.*Polster,463
Stuhl.*Kunstleder,460
Stuhl.*Recycle Kiefer,460
Hängeschrank,782
Schrank,788
Eckschrank,788
Unterschrank,788
Bücherschrank,788
Wohnschrank,788
Dielenschrank,474
Waschbeckenunterschrank,209
Wäscheschrank,716
Hochschrank,848
Midischrank,848
Fernsehschrank,842
CUBUS NOVA Wandregal,489
Kinderzimmer kompl,616
Apotheker,446
Weinregal,442
Sofa DELUXE COMFORT mit Schlaffunktion und Bettkasten,814
NATURE WHITE Lowboard #46 Akazie lackiert Möbel,785