Alles für Ihr Büro>Funktionelle Bürostühle,325
Baby-Möbel>Betten für Babys,619
Baby-Möbel>Funktionelle Wickelkommoden,618
Baby-Möbel>Moderne Babymöbel,616
Baby-Möbel>Regale & Kleiderschränke für Babys,131
Couchgarnituren>Couchgarnituren komplett,815
Couchgarnituren>Funktionelle Schlafsofas,814
Couchgarnituren>Recamiere,813
Couchgarnituren>Relaxsessel,792
Esszimmer-Möbel>Komplette Essgruppen,400
Esszimmer-Möbel>Moderne Esstische,467
Flurgarderoben & Dielenschränke>Flurgarderoben,474
Flurgarderoben & Dielenschränke>Massive Dielenschränke,474
hochwertige Matratzen & Lattenroste>Lattenroste verschiedene Größen,160
hochwertige Matratzen & Lattenroste>Matratzen verschiedene Größen,161
Jugendzimmer-Möbel & Kinderzimmer>Betten für Mädchen & Jungen,624
Jugendzimmer-Möbel & Kinderzimmer>Funktionelle Hochbetten,624
Jugendzimmer-Möbel & Kinderzimmer>Kinderkommoden,626
Jugendzimmer-Möbel & Kinderzimmer>Kinderzimmermöbel,625
Jugendzimmer-Möbel & Kinderzimmer>Regale & Kleiderschränke,626
Jugendzimmer-Möbel & Kinderzimmer>Schreibtische für Kinder,648
Massive Möbel>Couchtische aus Massivholz,827
Massive Möbel>Esszimmermöbel aus Massiv-Holz,467
Massive Möbel>Massivholz-Vitrine & Massivholz-Highboard,448
moderne Badmöbel>Glänzende Badezimmermöbel,208
Schlafzimmer-Möbel>Drehtürenschränke,710
Schlafzimmer-Möbel>Italienische Schlafzimmermöbel,858
Schlafzimmer-Möbel>Moderne Schlafzimmermöbel,858
Schlafzimmer-Möbel>Schwebetürenschränke,712
Wohnzimmermöbel>Günstige & moderne Wohnwände,789
Wohnzimmermöbel>Italienische Wohnwände,789
Wohnzimmermöbel>Massive & teilmassive Wohnwände,789
Wohnzimmermöbel>Moderne Couchtische,827