Baby- & Kinderzimmer > Baby > Babybetten,620
Baby- & Kinderzimmer > Baby > Wickelkommoden,619
Baby- & Kinderzimmer > Kinderzimmer > Kinderbetten,624
Badezimmer > Badezimmermöbel > Badezimmerschränke,209
Badezimmer > Badezimmermöbel > Waschbeckenschränke,214
Badezimmer > Spiegel,232
Badezimmer > Zubehör Bad > Handtuchhalter,194
Badezimmer > Zubehör Bad > Sonstiges,191
Beleuchtung > Außenleuchten,656
Beleuchtung > Dekoleuchten,145
Beleuchtung > Stehleuchten,673
Beleuchtung > Tischleuchten,152
Büro & Vorzimmer > Büromöbel > Bürostühle,325
Büro & Vorzimmer > Büromöbel > Container,323
Büro & Vorzimmer > Büromöbel > Schreibtische,334
Büro & Vorzimmer > Büromöbel > Schreibtischplatten,335
Haushaltswaren > Backformen,410
Haushaltswaren > Besteck,387
Haushaltswaren > Geschirr & Gläser > Geschirr,388
Haushaltswaren > Geschirr & Gläser > Gläser,389
Haushaltswaren > Haushaltselektronik > Bügeleisen,480
Haushaltswaren > Haushaltselektronik > Mixer,435
Haushaltswaren > Haushaltselektronik > Staubsauger,482
Haushaltswaren > Küchenutensilien > Küchenhelfer,411
Haushaltswaren > Töpfe & Pfannen > Pfannen,413
Haushaltswaren > Töpfe & Pfannen > Töpfe,414
Heimtextilien & Teppiche > Badtextilien > Badematten,208
Heimtextilien & Teppiche > Badtextilien > Duschvorhänge,222
Heimtextilien & Teppiche > Teppiche & Fußmatten > Fußmatten & Läufer,752
Heimtextilien & Teppiche > Teppiche & Fußmatten > Teppiche,753
Heimtextilien & Teppiche > Vorhänge > Fertigvorhänge,590
Heimtextilien & Teppiche > Vorhänge > Flächenvorhänge,587
Heimtextilien & Teppiche > Vorhänge > Rollos & Jalousien,123
Heimtextilien & Teppiche > Wohntextilien > Kissen,578
Heimtextilien & Teppiche > Wohntextilien > Überwürfe,580
Kleinmöbel > Regale > Wandregale,779
Küchen & Esszimmer > Küchengeräte > Einbauherde & Backöfen,396
Küchen & Esszimmer > Vitrinen,449
Saison > Gartenmöbel > Gartenliegen,531
Saison > Gartenmöbel > Gartenstühle,533
Saison > Gartenmöbel > Gartentische,534
Saison > Gartenmöbel > Loungemöbel,536
Schlafzimmer > Betten > Boxspringbetten,688
Schlafzimmer > Betten > Polsterbetten,700
Schlafzimmer > Kleiderschränke > Drehtürenschränke,712
Schlafzimmer > Kleiderschränke > Kleiderschränke,712
Schlafzimmer > Kleiderschränke > Schwebetürenschränke,714
Schlafzimmer > Kleinmöbel > Nachtkästchen,163
Schlafzimmer > Lattenrost,161
Schlafzimmer > Matratzen,162
Wohnzimmer > Couchtische,830
Wohnzimmer > Hocker & Sessel > Fernsehsessel,794
Wohnzimmer > Hocker & Sessel > Hocker,175
Wohnzimmer > Hocker & Sessel > Relaxsessel,800
Wohnzimmer > Kommoden & Regale > Kommoden,786
Wohnzimmer > Kommoden & Regale > Raumteiler,781
Wohnzimmer > Kommoden & Regale > Sideboards,788
Wohnzimmer > Polstermöbel > Dreisitzer Sofas,769
Wohnzimmer > Polstermöbel > Schlafsofas,775
Wohnzimmer > Polstermöbel > Wohnlandschaften,776
Wohnzimmer > Polstermöbel > Zweisitzer Sofas,769
Wohnzimmer > Wohnwände & TV Möbel > TV-Aufsätze,843
Wohnzimmer > Wohnwände & TV Möbel > TV-Möbel,843
Wohnzimmer > Wohnwände & TV Möbel > Wohnwände,846