WC-Set,206
Duschvorlage,207
Kopfkisse,579
kopfkisse,579
daunenbettdecke,581
Daunenbettdecke,581
Federbettdecke,581
Wendebettwäsche,575
Gardine,583
Scheibengardine,586
Fadenvorhang,590
Schlaufenschal,588
Vorhang,590
Querbehang,590
Schiebevorhang,586
Kleinfenster-Mittelbogen,590
Türpanneaux,590
Raffhalter,585
Gardinenstange,584
Handtuch Set,226
Saunatuch,227
Gästehandtücher,225
Strandtuch,227
Kapuzenhandtuch,645
Topf-Set,414
Kastenform,410
geschirr,388
Gewürzregal,440
Isolierkanne,390
karaffe,391
Teekanne,425
Isolierflasche,390
Espressokocher,390
Kaffeebereiter,70
Küchenwaage,433
Brotkasten,378
Vorratsdose,380
Backform,410
Kaffeezubereiter,70
Allzweckwagen,76
Tarteform,410
Schüssel-Set,380
Brotkorb,378
Königskuchenform,410
Springform,410
Backform,410
Backformen-Set,410
Passiermaschine,435
Garantieform,410
Zitruspresse,429
Etagere,379
Vakuumierer-Set,380
Frischhaltedose,380
Etagenregal,379
Plissee,597
Seitenzugrollo,599
Doppelrollo,600
Seilspanngarnitur,1111
Kissenbezug,573
Bändchenrollo,595
Schlaufenrollo,588
rollo.*Lichtschutz,601
rollo.*Energiesparend,601
rollo.*Verdunkelung,601
Rollo.*Verdunkelung,601
Raffrollo,598
Hochflor-Teppich,605
Teppich.*Outdoor,609
Teppichstop,1111
Fußmatte,119
Läufer,607
Orient-Teppich,608
Kinder-Teppich,648
"Kissen,",578
Tischset,613
Kissenhülle,1111
Schürze,444
Geschirrtuch,74
Babydecke,646
Kinderdecke,646