Hartwaren > Haus- Heimtextilien > Bad-Textilien,208
Hartwaren > Haus- Heimtextilien > Betten und Kissen,577
Hartwaren > Haus- Heimtextilien > Bettlaken,570
Hartwaren > Haus- Heimtextilien > Bettwäsche Garnituren Erwachsene,571
Hartwaren > Haus- Heimtextilien > Deko,590
Hartwaren > Haus- Heimtextilien > Gardinen,583
Hartwaren > Haus- Heimtextilien > Handtücher,224
Hartwaren > Haus- Heimtextilien > Haushaltswaren,411
Hartwaren > Haus- Heimtextilien > Hussen,122
Hartwaren > Haus- Heimtextilien > Jalousien,596
Hartwaren > Haus- Heimtextilien > Kissen/Kissenhülle,578
Hartwaren > Haus- Heimtextilien > Raff-/Faltrollos,598
Hartwaren > Haus- Heimtextilien > Rollos,600
Hartwaren > Haus- Heimtextilien > Teppiche,609
Hartwaren > Haus- Heimtextilien > Tischwäsche,614
Hartwaren > Haus- Heimtextilien > Wohn-/Schlafdecken,582
Hartwaren > Heimwerken > Schiebevorhänge,586
Hartwaren > Heimwerken > Tapeten,286