Heimtextilien | Badematten,205
Heimtextilien | Badgarnituren,205
Möbel  > Möbel von A-Z  > Aufbewahrung | Badaccessoires,190
Möbel  > Möbel von A-Z  > Babymöbel | Babybetten & -zubehör,619
Möbel  > Möbel von A-Z  > Babymöbel | Babydecken,635
Möbel  > Möbel von A-Z  > Babymöbel | Babymöbel,640
Möbel  > Möbel von A-Z  > Babymöbel | Bettdecken,645
Möbel  > Möbel von A-Z  > Babymöbel | Bettwäsche,645
Möbel  > Möbel von A-Z  > Babymöbel | Decken,645
Möbel  > Möbel von A-Z  > Babymöbel | Kinderbetten,616
Möbel  > Möbel von A-Z  > Babymöbel | Kinderwagen,619
Möbel  > Möbel von A-Z  > Babymöbel | Kinderzimmerschrank,131
Möbel  > Möbel von A-Z  > Babymöbel | Kissen,646
Möbel  > Möbel von A-Z  > Babymöbel | Kleiderschränke,131
Möbel  > Möbel von A-Z  > Babymöbel | Krabbeldecken,645
Möbel  > Möbel von A-Z  > Babymöbel | Regale,130
Möbel  > Möbel von A-Z  > Babymöbel | Sonstige Babyausstattung,643
Möbel  > Möbel von A-Z  > Babymöbel | Sonstige Schränke,131
Möbel  > Möbel von A-Z  > Babymöbel | Still- und Lagerungskissen,646
Möbel  > Möbel von A-Z  > Babymöbel | Stühle,640
Möbel  > Möbel von A-Z  > Babymöbel | Wickelkommoden,618
Möbel  > Möbel von A-Z  > Badaccessoires | Abfallbehälter,194
Möbel  > Möbel von A-Z  > Badaccessoires | Badezimmerarmaturen,187
Möbel  > Möbel von A-Z  > Badaccessoires | Dekoratives,187
Möbel  > Möbel von A-Z  > Badaccessoires | Duschspritzschutz,221
Möbel  > Möbel von A-Z  > Badaccessoires | keine,198
Möbel  > Möbel von A-Z  > Badaccessoires | Küchenwaagen,198
Möbel  > Möbel von A-Z  > Badaccessoires | Sonstige Badezimmermöbel,193
Möbel  > Möbel von A-Z  > Badaccessoires | Sonstige Wohnaccessoires,221
Möbel  > Möbel von A-Z  > Badaccessoires | Sonstiges Duschen-Zubehör,193
Möbel  > Möbel von A-Z  > Badaccessoires | Wandhalterungen,193
Möbel  > Möbel von A-Z  > Badaccessoires | WC-Zubehör,199
Möbel  > Möbel von A-Z  > Badmöbelserien | Badmöbelserien,214
Möbel  > Möbel von A-Z  > Badmöbelserien | Hängeschränke,210
Möbel  > Möbel von A-Z  > Badmöbelserien | Hochschränke,208
Möbel  > Möbel von A-Z  > Badmöbelserien | Leuchten,17
Möbel  > Möbel von A-Z  > Badmöbelserien | Midischränke,208
Möbel  > Möbel von A-Z  > Badmöbelserien | Sonstige Lampen & Leuchten,17
Möbel  > Möbel von A-Z  > Badmöbelserien | Spiegelschränke,211
Möbel  > Möbel von A-Z  > Badmöbelserien | Unterschränke,213
Möbel  > Möbel von A-Z  > Badmöbelserien | Waschbecken-Unterschränke,209
Möbel  > Möbel von A-Z  > Badmöbelserien | Waschtische,214
Möbel  > Möbel von A-Z  > Beistelltische | Beistelltische,826
Möbel  > Möbel von A-Z  > Beistelltische | Couchtische,827
Möbel  > Möbel von A-Z  > Beistelltische | Hocker,834
Möbel  > Möbel von A-Z  > Beistelltische | Nachttische,162
Möbel  > Möbel von A-Z  > Beistelltische | Regale,834
Möbel  > Möbel von A-Z  > Beistelltische | Tische,826
Möbel  > Möbel von A-Z  > Beistelltische | Tische & Stühle,826
Möbel  > Möbel von A-Z  > Boxspringbetten | Basic,687
Möbel  > Möbel von A-Z  > Boxspringbetten | Betten,687
Möbel  > Möbel von A-Z  > Boxspringbetten | Box-Springbetten,687
Möbel  > Möbel von A-Z  > Boxspringbetten | Polsterbetten,699
Möbel  > Möbel von A-Z  > Boxspringbetten | Sonstige Betten,687
Möbel  > Möbel von A-Z  > Bücherregale | Büroregale,312
Möbel  > Möbel von A-Z  > Bücherregale | Regale,775
Möbel  > Möbel von A-Z  > Bücherregale | Sonstige Büromöbel,317
Möbel  > Möbel von A-Z  > Büroschränke | Büromöbel-Sets,41
Möbel  > Möbel von A-Z  > Büroschränke | Container,322
Möbel  > Möbel von A-Z  > Büroschränke | Hochschränke,318
Möbel  > Möbel von A-Z  > Büroschränke | Regale,318
Möbel  > Möbel von A-Z  > Büroschränke | Schreibtische,333
Möbel  > Möbel von A-Z  > Büroschränke | Sideboards & Kommoden,322
Möbel  > Möbel von A-Z  > Büroschränke | Sonstige Büromöbel,322
Möbel  > Möbel von A-Z  > Bürostühle | Computermöbel,325
Möbel  > Möbel von A-Z  > Bürostühle | Sessel,325
Möbel  > Möbel von A-Z  > Bürostühle | Stühle,324
Möbel  > Möbel von A-Z  > Couchtische | Beistelltische,826
Möbel  > Möbel von A-Z  > Couchtische | Couchtische,827
Möbel  > Möbel von A-Z  > Couchtische | Dekoratives,827
Möbel  > Möbel von A-Z  > Einzelsofas | Bänke,77
Möbel  > Möbel von A-Z  > Einzelsofas | Einzelsessel,797
Möbel  > Möbel von A-Z  > Einzelsofas | Esssitzgruppen,452
Möbel  > Möbel von A-Z  > Einzelsofas | Hocker,804
Möbel  > Möbel von A-Z  > Einzelsofas | Polsterecken,812
Möbel  > Möbel von A-Z  > Einzelsofas | Polstergarnituren,809
Möbel  > Möbel von A-Z  > Einzelsofas | Schlafsofas,814
Möbel  > Möbel von A-Z  > Einzelsofas | Sessel,797
Möbel  > Möbel von A-Z  > Einzelsofas | Sitzgarnituren,809
Möbel  > Möbel von A-Z  > Einzelsofas | Sofas,809
Möbel  > Möbel von A-Z  > Einzelsofas | Wohnlandschaften,815
Möbel  > Möbel von A-Z  > Esstische | Apothekerschrank,400
Möbel  > Möbel von A-Z  > Esstische | Bar-Theken,385
Möbel  > Möbel von A-Z  > Esstische | Basic,467
Möbel  > Möbel von A-Z  > Esstische | Buffets,448
Möbel  > Möbel von A-Z  > Esstische | Eckbänke,453
Möbel  > Möbel von A-Z  > Esstische | Eckbankgruppen,399
Möbel  > Möbel von A-Z  > Esstische | Esssitzgruppen,400
Möbel  > Möbel von A-Z  > Esstische | Esstische,467
Möbel  > Möbel von A-Z  > Esstische | HiFi-Möbel,840
Möbel  > Möbel von A-Z  > Esstische | Hocker,465
Möbel  > Möbel von A-Z  > Esstische | Küchenmöbel,467
Möbel  > Möbel von A-Z  > Esstische | Regale,440
Möbel  > Möbel von A-Z  > Esstische | Sideboards,448
Möbel  > Möbel von A-Z  > Esstische | Sonstige Tische,467
"Möbel  > Möbel von A-Z  > Esstische | Sonstiges, Klein- & Einzelmöbel",451
Möbel  > Möbel von A-Z  > Esstische | Stühle,460
Möbel  > Möbel von A-Z  > Esstische | Tische,467
Möbel  > Möbel von A-Z  > Esstische | Tische & Stühle,467
Möbel  > Möbel von A-Z  > Esstische | Truhen,455
Möbel  > Möbel von A-Z  > Esstische | Vitrinen,848
Möbel  > Möbel von A-Z  > Funktionsbetten | Betten,689
Möbel  > Möbel von A-Z  > Funktionsbetten | Bettgestelle,686
Möbel  > Möbel von A-Z  > Funktionsbetten | Kinder- und Jugendbett,624
Möbel  > Möbel von A-Z  > Funktionsbetten | Kinderbetten,623
Möbel  > Möbel von A-Z  > Funktionsbetten | Kleiderschränke,626
Möbel  > Möbel von A-Z  > Funktionsbetten | Kommoden,716
Möbel  > Möbel von A-Z  > Funktionsbetten | Komplettprogramme,858
Möbel  > Möbel von A-Z  > Funktionsbetten | Polsterbetten,699
Möbel  > Möbel von A-Z  > Funktionsbetten | Sonstige Betten,689
"Möbel  > Möbel von A-Z  > Funktionsbetten | Sonstiges, Schlafzimmer",858
Möbel  > Möbel von A-Z  > Funktionsbetten | Stauraumbetten,689