Heimtextilien | Badematten,208
Heimtextilien | Badgarnituren,206
Möbel  > Möbel von A-Z  > Aufbewahrung | Badaccessoires,191
Möbel  > Möbel von A-Z  > Aufbewahrung | Betten,620
Möbel  > Möbel von A-Z  > Babymöbel | Babybetten & -zubehör,620
Möbel  > Möbel von A-Z  > Babymöbel | Babydecken,636
Möbel  > Möbel von A-Z  > Babymöbel | Babymöbel,641
Möbel  > Möbel von A-Z  > Babymöbel | Bettdecken,646
Möbel  > Möbel von A-Z  > Babymöbel | Bettwäsche,646
Möbel  > Möbel von A-Z  > Babymöbel | Decken,646
Möbel  > Möbel von A-Z  > Babymöbel | Kinderbetten,617
Möbel  > Möbel von A-Z  > Babymöbel | Kinderwagen,620
Möbel  > Möbel von A-Z  > Babymöbel | Kinderzimmerschrank,131
Möbel  > Möbel von A-Z  > Babymöbel | Kissen,647
Möbel  > Möbel von A-Z  > Babymöbel | Kleiderschränke,131
Möbel  > Möbel von A-Z  > Babymöbel | Krabbeldecken,646
Möbel  > Möbel von A-Z  > Babymöbel | Regale,130
Möbel  > Möbel von A-Z  > Babymöbel | Sonstige Babyausstattung,644
Möbel  > Möbel von A-Z  > Babymöbel | Sonstige Schränke,131
Möbel  > Möbel von A-Z  > Babymöbel | Still- und Lagerungskissen,647
Möbel  > Möbel von A-Z  > Babymöbel | Stühle,641
Möbel  > Möbel von A-Z  > Babymöbel | Wickelkommoden,619
Möbel  > Möbel von A-Z  > Badaccessoires | Abfallbehälter,195
Möbel  > Möbel von A-Z  > Badaccessoires | Badezimmerarmaturen,188
Möbel  > Möbel von A-Z  > Badaccessoires | Dekoratives,188
Möbel  > Möbel von A-Z  > Badaccessoires | Duschspritzschutz,222
Möbel  > Möbel von A-Z  > Badaccessoires | keine,199
Möbel  > Möbel von A-Z  > Badaccessoires | Küchenwaagen,199
Möbel  > Möbel von A-Z  > Badaccessoires | Sonstige Badezimmermöbel,194
Möbel  > Möbel von A-Z  > Badaccessoires | Sonstige Wohnaccessoires,222
Möbel  > Möbel von A-Z  > Badaccessoires | Sonstiges Duschen-Zubehör,194
Möbel  > Möbel von A-Z  > Badaccessoires | Wandhalterungen,194
Möbel  > Möbel von A-Z  > Badaccessoires | WC-Zubehör,200
Möbel  > Möbel von A-Z  > Badmöbelserien | Badmöbelserien,215
Möbel  > Möbel von A-Z  > Badmöbelserien | Hängeschränke,211
Möbel  > Möbel von A-Z  > Badmöbelserien | Hochschränke,209
Möbel  > Möbel von A-Z  > Badmöbelserien | Leuchten,17
Möbel  > Möbel von A-Z  > Badmöbelserien | Midischränke,209
Möbel  > Möbel von A-Z  > Badmöbelserien | Sonstige Lampen & Leuchten,17
Möbel  > Möbel von A-Z  > Badmöbelserien | Spiegelschränke,212
Möbel  > Möbel von A-Z  > Badmöbelserien | Unterschränke,214
Möbel  > Möbel von A-Z  > Badmöbelserien | Waschbecken-Unterschränke,210
Möbel  > Möbel von A-Z  > Badmöbelserien | Waschtische,215
Möbel  > Möbel von A-Z  > Beistelltische | Beistelltische,829
Möbel  > Möbel von A-Z  > Beistelltische | Couchtische,830
Möbel  > Möbel von A-Z  > Beistelltische | Hocker,821
Möbel  > Möbel von A-Z  > Beistelltische | Nachttische,163
Möbel  > Möbel von A-Z  > Beistelltische | Regale,837
Möbel  > Möbel von A-Z  > Beistelltische | Tische,829
Möbel  > Möbel von A-Z  > Beistelltische | Tische & Stühle,829
Möbel  > Möbel von A-Z  > Boxspringbetten | Basic,688
Möbel  > Möbel von A-Z  > Boxspringbetten | Betten,688
Möbel  > Möbel von A-Z  > Boxspringbetten | Box-Springbetten,688
Möbel  > Möbel von A-Z  > Boxspringbetten | Polsterbetten,700
Möbel  > Möbel von A-Z  > Boxspringbetten | Sonstige Betten,688
Möbel  > Möbel von A-Z  > Bücherregale | Büroregale,313
Möbel  > Möbel von A-Z  > Bücherregale | Regale,777
Möbel  > Möbel von A-Z  > Bücherregale | Sonstige Büromöbel,318
Möbel  > Möbel von A-Z  > Büroschränke | Büromöbel-Sets,41
Möbel  > Möbel von A-Z  > Büroschränke | Container,323
Möbel  > Möbel von A-Z  > Büroschränke | Hochschränke,319
Möbel  > Möbel von A-Z  > Büroschränke | Regale,319
Möbel  > Möbel von A-Z  > Büroschränke | Schreibtische,334
Möbel  > Möbel von A-Z  > Büroschränke | Sideboards & Kommoden,323
Möbel  > Möbel von A-Z  > Büroschränke | Sonstige Büromöbel,323
Möbel  > Möbel von A-Z  > Bürostühle | Computermöbel,326
Möbel  > Möbel von A-Z  > Bürostühle | Sessel,326
Möbel  > Möbel von A-Z  > Bürostühle | Stühle,325
Möbel  > Möbel von A-Z  > Couchtische | Beistelltische,829
Möbel  > Möbel von A-Z  > Couchtische | Couchtische,830
Möbel  > Möbel von A-Z  > Couchtische | Dekoratives,830
Möbel  > Möbel von A-Z  > Einzelsofas | Bänke,77
Möbel  > Möbel von A-Z  > Einzelsofas | Einzelsessel,800
Möbel  > Möbel von A-Z  > Einzelsofas | Esssitzgruppen,453
Möbel  > Möbel von A-Z  > Einzelsofas | Hocker,807
Möbel  > Möbel von A-Z  > Einzelsofas | Polsterecken,815
Möbel  > Möbel von A-Z  > Einzelsofas | Polstergarnituren,812
Möbel  > Möbel von A-Z  > Einzelsofas | Schlafsofas,817
Möbel  > Möbel von A-Z  > Einzelsofas | Sessel,800
Möbel  > Möbel von A-Z  > Einzelsofas | Sitzgarnituren,812
Möbel  > Möbel von A-Z  > Einzelsofas | Sofas,812
Möbel  > Möbel von A-Z  > Einzelsofas | Wohnlandschaften,818
Möbel  > Möbel von A-Z  > Esstische | Apothekerschrank,401
Möbel  > Möbel von A-Z  > Esstische | Bar-Theken,386
Möbel  > Möbel von A-Z  > Esstische | Basic,468
Möbel  > Möbel von A-Z  > Esstische | Buffets,449
Möbel  > Möbel von A-Z  > Esstische | Eckbänke,454
Möbel  > Möbel von A-Z  > Esstische | Eckbankgruppen,400
Möbel  > Möbel von A-Z  > Esstische | Esssitzgruppen,401
Möbel  > Möbel von A-Z  > Esstische | Esstische,468
Möbel  > Möbel von A-Z  > Esstische | HiFi-Möbel,843
Möbel  > Möbel von A-Z  > Esstische | Hocker,466
Möbel  > Möbel von A-Z  > Esstische | Küchenmöbel,468
Möbel  > Möbel von A-Z  > Esstische | Regale,441
Möbel  > Möbel von A-Z  > Esstische | Sideboards,449
Möbel  > Möbel von A-Z  > Esstische | Sonstige Tische,468
"Möbel  > Möbel von A-Z  > Esstische | Sonstiges, Klein- & Einzelmöbel",452
Möbel  > Möbel von A-Z  > Esstische | Stühle,461
Möbel  > Möbel von A-Z  > Esstische | Tische,468
Möbel  > Möbel von A-Z  > Esstische | Tische & Stühle,468
Möbel  > Möbel von A-Z  > Esstische | Truhen,456
Möbel  > Möbel von A-Z  > Esstische | Vitrinen,851
Möbel  > Möbel von A-Z  > Funktionsbetten | Betten,690
Möbel  > Möbel von A-Z  > Funktionsbetten | Bettgestelle,687
Möbel  > Möbel von A-Z  > Funktionsbetten | Kinder- und Jugendbett,625
Möbel  > Möbel von A-Z  > Funktionsbetten | Kinderbetten,624
Möbel  > Möbel von A-Z  > Funktionsbetten | Kleiderschränke,627
Möbel  > Möbel von A-Z  > Funktionsbetten | Kommoden,718
Möbel  > Möbel von A-Z  > Funktionsbetten | Komplettprogramme,159
Möbel  > Möbel von A-Z  > Funktionsbetten | Polsterbetten,700
Möbel  > Möbel von A-Z  > Funktionsbetten | Sonstige Betten,690
"Möbel  > Möbel von A-Z  > Funktionsbetten | Sonstiges, Schlafzimmer",159
Möbel  > Möbel von A-Z  > Funktionsbetten | Stauraumbetten,703